<?xml version="1.0" encoding="UTF-8" standalone="yes"?>
<addon id="repository.TVArcanjoRepo" name="TVArcanjo" version="1.0" provider-name="Feito por SD Arcanjo">
    <extension point="xbmc.addon.repository" name="Nome Repository">
        <dir>
            <info compressed="false">https://raw.githubusercontent.com/TVArcanjo/TVArcanjoRepo/master/zips/addons.xml</info>
            <checksum>https://raw.githubusercontent.com/TVArcanjo/TVArcanjoRepo/master/zips/addons.xml.md5</checksum>
            <datadir zip="true">https://raw.githubusercontent.com/TVArcanjo/TVArcanjoRepo/master/zips/</datadir>
        </dir>
    </extension>
    <extension point="xbmc.addon.metadata">
        <summary>TV Arcanjo</summary>
        <description>Canais Fechados ao Vivo para você, para adquirir entre em contato (81) 994653328</description>
        <disclaimer></disclaimer>
        <platform>all</platform>
        <assets>
            <icon>icon.png</icon>
            <fanart>fanart.jpg</fanart>
        </assets>
    </extension>
</addon>